Cosmopolitan,7
Margarita,7
Mai Tai,7
White Russian,7
Caipirinha,7
Bloody Mary,7
Whiskey Sour,7
Screw Driver,7
Old Fashioned,7
Manhattan,7
Martini,7
Daiquiri,7
Singapore Sling,7
Mojito,7
Mint Julep,7
Tom Collins,7
Pina Colada,7
Sea Breeze,7
Cuba Libre,7
Bellini,7
Screaming Orgasm,7
Black Baby Jesus,7
Red Headed Slut,7
Sex on the Beach,7
Black Russian,7
Death in the Afternoon,7
Michelada,7
Porchcrawler,7
Brass Monkey,7
20th Century,7
Bloodhound,7
Hanky-Panky, 7
Pimms Cup,7
Pink Lady,7
Dark and Stormy,7
Flaming Doctor Pepper,7
Hurricane,7
Planter's Punch,7
Bananarita,7
Long Island Ice Tea,7
El Toro Louco,7
Sour Apple Martini,7
Bay Breeze,7
Cape Cod,7
Harvey Wallbanger,7
Kamikaze,7
Jungle Juice,7
Lynchburg Lemonade,7
Sazerac,7
Three Wise Men,7